file,byte_size,records,text_entries,coverage_percent,coverage_status,roundtrip_pass,sha256,plugin
CGMODE.BIN,2640,1365,0,100.0,OK,True,77dd6577dd9151cc30d1abf6c59e66fe3e4c7d125e5fe0ab96e18728f5d2e143,generic_ps2_vm_lexical
COLOR.BIN,995,384,32,100.0,OK,True,f0750ea0f4ed35d5e0674a8f19fe174b86505a5e69473ecb3fa2cc513f45a7a8,generic_ps2_vm_lexical
DEBUG.BIN,29691,14121,554,100.0,OK,True,7663089047cf89fe08bdd4510f142a81682bc480a911bf556e8fd1e8cb6d52a9,generic_ps2_vm_lexical
INITIAL.BIN,35,16,1,100.0,OK,True,c2194ac4cd3b03cac0bbc11b54b34256290a813ff7c6ee0b52db7847420aaa20,generic_ps2_vm_lexical
MASKTEST.BIN,2940,1562,20,100.0,OK,True,89492fce0c5e16f47ad75638464ff7e4e584a24f1d844e99d241a5ec88d1fc9d,generic_ps2_vm_lexical
MESSAGES.BIN,929046,48389,15621,100.0,OK,True,fd3cc22d7bcb1f116ac0ee9c2d62186c366626f8e9d1cd8f82b202aa2e0d46c3,messages_table_cp932
PROLOG.BIN,85,43,1,100.0,OK,True,c781c18772421049d1d5d36536cae4aaf68f81bcb87d9715614fa201fece1c78,generic_ps2_vm_lexical
PS2A001A.BIN,5238,1775,76,100.0,OK,True,7e6ab594c685eec9e299b164ca8767cfc3556e65b1582dddc97b4d224c189478,generic_ps2_vm_lexical
PS2A002A.BIN,3565,681,35,100.0,OK,True,25485f75603b48203ce496251d5b0c88c9a092d0d83dfacdab9f79136e7ebacd,generic_ps2_vm_lexical
PS2A003A.BIN,125,67,1,100.0,OK,True,1dc8d4049d7ae2722eae29b6f8a70c63b25b4ba2a6add2e484240824b308c979,generic_ps2_vm_lexical
PS2A004A.BIN,2448,586,26,100.0,OK,True,2b0d263b518d82270e866d9939856749f464cbfc7ab7bd917564bcc345109b18,generic_ps2_vm_lexical
PS2A005A.BIN,2656,525,28,100.0,OK,True,3ad51a8a8f45e805721631f9687bd2efce3712cd1a891ba84ec024c9f8c377e7,generic_ps2_vm_lexical
PS2A006A.BIN,8224,2424,98,100.0,OK,True,074af9d7c872a89e326d6f30bf1d126985c74e4bdf40eb9468cf312ac79e08f1,generic_ps2_vm_lexical
PS2A007A.BIN,6066,1988,81,100.0,OK,True,831a78ac40687092a26580df06442411e1b3d703c3ebe65220b77dffbc1f1133,generic_ps2_vm_lexical
PS2A008A.BIN,4415,1228,55,100.0,OK,True,c2c9445d30b1aa094c217225cba54cea4213e7b1a4f1deffa2597e013b05413c,generic_ps2_vm_lexical
PS2A009A.BIN,6161,1757,86,100.0,OK,True,87c144295888286f1fe69aecc7c0598bd492600aef367e745d89df1c74d933bc,generic_ps2_vm_lexical
PS2A010A.BIN,3993,960,44,100.0,OK,True,91d2b762f8a0c1d89aab594311709cbd11840ce3a9485972e401172668350974,generic_ps2_vm_lexical
PS2A011A.BIN,3349,1034,48,100.0,OK,True,de5c2f6446bff0417fba344a30127ccbac7a59a33483785604773aebc4aa3917,generic_ps2_vm_lexical
PS2A012A.BIN,125,67,1,100.0,OK,True,f653cf002fa722c6ab772b9d45e39479e27a5fe5454ac5ac59d48d7dea20fed2,generic_ps2_vm_lexical
PS2A013A.BIN,12333,3975,168,100.0,OK,True,fd308e812ef733097b482275c828b51d9b9ef96f265af17039b09957f4d867b2,generic_ps2_vm_lexical
PS2A014A.BIN,6029,1298,63,100.0,OK,True,be008e2c99e62c0f8dd403039fc1dfe74671e2126e230d0b1fadf0384478abcd,generic_ps2_vm_lexical
PS2A015A.BIN,11705,2899,143,100.0,OK,True,11390efab1a7416e196e5f9b76760c2c9e2706aa441a7476e89f9f860deeac67,generic_ps2_vm_lexical
PS2A016A.BIN,8042,2294,116,100.0,OK,True,336bfb5b9743ad8dbe2eedadc78bb2fd32f9a62402d4db9523ab579849410d43,generic_ps2_vm_lexical
PS2A017A.BIN,10807,3129,139,100.0,OK,True,14d15da9087ed850a881b6a2afb7dcf3a201057e41e11e3f94891e9f110a5bb1,generic_ps2_vm_lexical
PS2A018A.BIN,1923,426,21,100.0,OK,True,226d984f69da116d7636cb91378ffc6b7cd9795f736b58b2589e4b729ef4ccb3,generic_ps2_vm_lexical
PS2A019A.BIN,2115,492,23,100.0,OK,True,7c4627693da70628a1fdf6a3970bda74af64f7afb2d42255ac9b89017dd10cee,generic_ps2_vm_lexical
PS2A020A.BIN,2550,666,27,100.0,OK,True,e9d4b79afbd416b4f681d3d4217f68aac685bfc19844f0d8512b32f8e49d6724,generic_ps2_vm_lexical
PS2A021A.BIN,125,67,1,100.0,OK,True,f7d659d123677c74b24d584b802f28e6a6e0bcff24032106283bb03563247bae,generic_ps2_vm_lexical
PS2A022A.BIN,3365,816,31,100.0,OK,True,85f50de9a1c5e59a7dc426bf39b92bc63a6f0edf7da431d85f2a1e7be84e8b2c,generic_ps2_vm_lexical
PS2A023A.BIN,2894,761,30,100.0,OK,True,74f18d769bdee4bea83c6bbe241ada890356349e1813c051b33a84fcee8132e6,generic_ps2_vm_lexical
PS2A024A.BIN,4413,1226,62,100.0,OK,True,ee7028530b253a6d629e93bb54485181ad643594876e38149654842d9af400ec,generic_ps2_vm_lexical
PS2A025A.BIN,8023,2037,99,100.0,OK,True,8b4c1548c964da4638527fc704926b2e5179ecd89c1134941b4cf4c300a92aa1,generic_ps2_vm_lexical
PS2A026A.BIN,2512,649,25,100.0,OK,True,130450bbb25f4fee592aabeac2f3916a62bafa0ada5e60e3de82d5def57a6544,generic_ps2_vm_lexical
PS2A027A.BIN,9410,2421,107,100.0,OK,True,db7a15df83181817a02613b06c2cab28368f11052ff7fbba18c5ac39dcd35948,generic_ps2_vm_lexical
PS2A028A.BIN,18586,4863,223,100.0,OK,True,5de76b8b85a92d96dce35abf1f9746e5325d347f8fcef4a3865553ca0278c1bc,generic_ps2_vm_lexical
PS2A029A.BIN,7514,2149,92,100.0,OK,True,e22bec86f2d308618a296a777c0675d4a40bd89347852005d0f846e0c17ca827,generic_ps2_vm_lexical
PS2A030A.BIN,4629,1281,57,100.0,OK,True,d46eac931439ddb3fd26dbc1e5fac47ee3ccb7cced33d9ba62f103ed45a01977,generic_ps2_vm_lexical
PS2A031A.BIN,2711,583,29,100.0,OK,True,fc9e51b06fc2f15c8e8c47bdff70ae4916b10796482c800893500eeb5dc614f8,generic_ps2_vm_lexical
PS2A032A.BIN,2692,963,37,100.0,OK,True,6249da608b78d68e03f107886dc4b166888750261c9bc943ad883425504ba761,generic_ps2_vm_lexical
PS2A033A.BIN,5679,1591,82,100.0,OK,True,2ece89a84ca65c6943a2b7455f579bda33781c82487f2f843b93a8b9d58b1523,generic_ps2_vm_lexical
PS2A034A.BIN,2794,724,33,100.0,OK,True,21782221e73bbf15b1776dcf9fccdc25db9642b399281fc03f336ba3102dda14,generic_ps2_vm_lexical
PS2A035A.BIN,15381,3804,202,100.0,OK,True,96dad3a8af8b3d4e20e306f9c9e73fbea374c4b76461c408c294a90b28f2c9d3,generic_ps2_vm_lexical
PS2A036A.BIN,2152,612,30,100.0,OK,True,80cda95ece1a9b95b009190dcea16f7f9a0c8815506f8bfc89593aeda31851da,generic_ps2_vm_lexical
PS2A037A.BIN,14531,3403,179,100.0,OK,True,67f8e824eec5272c17627bbb4912efe2c5f7a46f45b47ae9911688bbb5b53708,generic_ps2_vm_lexical
PS2A038A.BIN,8228,2154,105,100.0,OK,True,4a178b9caaa3f6f44324ffde88b7b56d33bd3dd119b66e60b52344cceea946e7,generic_ps2_vm_lexical
PS2A039A.BIN,125,67,1,100.0,OK,True,fd048301c2c66ce041b37d1ffdcbb5902ab579cf7018e3ad7bceb772e3864d68,generic_ps2_vm_lexical
PS2A040A.BIN,15241,4508,193,100.0,OK,True,c8ba8be5a7caef8b7a42c9c8f8ac7ee15e2fc074ba344198dfba3310b90126f8,generic_ps2_vm_lexical
PS2A041A.BIN,818,188,9,100.0,OK,True,a56d70e1e8108923119c074d988816eb4f38ac3bee73d4638a7e09d1be30d2d8,generic_ps2_vm_lexical
PS2A042A.BIN,2387,528,24,100.0,OK,True,bb1c50e0ff6292c7a3405467d7a0c9620590a25d05ef24b02282b1edeebbd6f8,generic_ps2_vm_lexical
PS2A043A.BIN,8728,2344,117,100.0,OK,True,dd928534c17246ad3c943b29a29f3271988fe434ca5e845d96b2aef710af28d7,generic_ps2_vm_lexical
PS2A044A.BIN,5773,1712,79,100.0,OK,True,f4ff09b79116e55eb1482af0be9be6c67502060d1e62a3f5c2c45db22c79563c,generic_ps2_vm_lexical
PS2A045A.BIN,7223,1829,108,100.0,OK,True,1d299af7c01bd7395f4e92351c60f53f71ea739b0f660ae7d968451c857dd589,generic_ps2_vm_lexical
PS2A046A.BIN,15785,3560,209,100.0,OK,True,f50c77b36252dad434f56782819d155a633e65b7c8b976e79737c5309b1df3c0,generic_ps2_vm_lexical
PS2A047A.BIN,30314,6674,345,100.0,OK,True,717d5d653bb1e68f71528962596938de5f71fcf1a2c679df7f07d2a398f23c77,generic_ps2_vm_lexical
PS2A048A.BIN,15711,3433,195,100.0,OK,True,e79e05f2a9040765d5112d7d0d44e687fc79876588e1d74e56076adf0aa069a5,generic_ps2_vm_lexical
PS2A049A.BIN,21787,5510,443,100.0,OK,True,5d3fc8cf76989ea7169f5ad218f6586e46b5a9d47bb669b40c926053fb384072,generic_ps2_vm_lexical
PS2A050A.BIN,20405,4245,241,100.0,OK,True,03030ff2a24d02c413bcc3a7587e900a7658afa767c1d2d5217f7edcc99a38f7,generic_ps2_vm_lexical
PS2A051A.BIN,22917,5035,280,100.0,OK,True,f98d9b618df9c8411d06483f974a6c8b7bae8c85abdb700e11b932d8e839ddb2,generic_ps2_vm_lexical
PS2A052A.BIN,11370,2567,138,100.0,OK,True,dfa297a82509655effb2286e9f20e190ee48715293051ff8e817f3982bf65144,generic_ps2_vm_lexical
PS2A053A.BIN,24789,5197,320,100.0,OK,True,af6ac6a4bdbaa0edb7744f0b0b2b902c982c1562a2757a746ba7f046df09761b,generic_ps2_vm_lexical
PS2A054A.BIN,27492,6089,349,100.0,OK,True,0626d4b712a12fd662128ef051ed91c11fe012a2ce8b62db1f05468527abcf3a,generic_ps2_vm_lexical
PS2A055A.BIN,11166,2378,139,100.0,OK,True,369aee65130a7699cee35da32a353b56eb4135db0cee3babee539808cd4cf436,generic_ps2_vm_lexical
PS2A056A.BIN,34824,7589,430,100.0,OK,True,cb94adfc3dfbba4ac7a5460d9890d75d6c2b4333dcc5e587dd55709519527698,generic_ps2_vm_lexical
PS2A057A.BIN,44767,10920,669,100.0,OK,True,21de40dc7d722b6e1be3b49f4e4e3ea6532c8b7b6cbdc2deb54f76e1955b5577,generic_ps2_vm_lexical
PS2A058A.BIN,4509,1268,69,100.0,OK,True,dad4bf9d78e5e92e8c4057e162647c6b6c36f2333dc3e4ea124519411e77772f,generic_ps2_vm_lexical
PS2A059A.BIN,2538,714,34,100.0,OK,True,3e781b0b00fc96ed2e505376b9111d1828dd5117ba2c106938815387e344406d,generic_ps2_vm_lexical
PS2A060A.BIN,1890,509,21,100.0,OK,True,c43eeca5f5e30e71c640cb8581258c4aa0bfdbacf0967915f638e0d3121b4335,generic_ps2_vm_lexical
PS2A061A.BIN,1370,351,13,100.0,OK,True,50c3afe6754d43b48914efc5114bd8154bb5d90d6b644e9df96f30a82aed5802,generic_ps2_vm_lexical
PS2A062A.BIN,5548,1070,55,100.0,OK,True,bf20522c951688127648d7a53f4c5a0974d7e6632fc146631a484e29495a09ac,generic_ps2_vm_lexical
PS2A063A.BIN,606,158,6,100.0,OK,True,1915a4f9242ea81400537a749b7e531dc515bbd4013344d094fcf822c12ac23a,generic_ps2_vm_lexical
PS2A064A.BIN,1687,364,20,100.0,OK,True,d9e8857c301793f2e72e3a5679a5415e643e082d78c16acaeb1162f09ded2ec9,generic_ps2_vm_lexical
PS2A065A.BIN,7531,1453,110,100.0,OK,True,6360c2642d7f7e22aaba07a635f00e7b43c5471e7019b838e25a9f91f22dca2f,generic_ps2_vm_lexical
PS2A066A.BIN,1564,363,16,100.0,OK,True,de3f4742ea17cdccdc73d0ad5704b0044b2878dbc0cf64d8028288b1c0b4e076,generic_ps2_vm_lexical
PS2A067A.BIN,3884,873,44,100.0,OK,True,8e85606599485b46356f6a4a7b31b3668da93cb174c37f3c5dccbd51e5783707,generic_ps2_vm_lexical
PS2A068A.BIN,4651,1157,67,100.0,OK,True,ec4f318bc1d80b73678b7f33c883c2ce27aa3d145ba0f26acea11f439cafa846,generic_ps2_vm_lexical
PS2A069A.BIN,1824,444,23,100.0,OK,True,fb3f7e48213f361bd6f5cfb5fc13835736e4ad5ff2776aeefb7b327e11289792,generic_ps2_vm_lexical
PS2A099A.BIN,1886,552,35,100.0,OK,True,e2483d1c064504e732b4263af9c4d66e39dbc8bf2c74faebd93500415ab100ae,generic_ps2_vm_lexical
PS2A099B.BIN,597,240,10,100.0,OK,True,e9bdeec50cb19ed84d1e26fe2485a6f858cb6562308fd0de52e300918ab1d275,generic_ps2_vm_lexical
PS2A099C.BIN,1110,392,19,100.0,OK,True,808d7ce1ec73445cf02f94e2d799e8873fa8a744c929abdf34fb8a71e8f0be60,generic_ps2_vm_lexical
PS2A099D.BIN,427,192,4,100.0,OK,True,ee260d236807c915dfa5d600621a69464238f71781818aa6189d226db755b0a2,generic_ps2_vm_lexical
PS2F001A.BIN,3651,941,42,100.0,OK,True,86d6b17d251016b84baaa6d031c50a7ad820b7b0330d6dd936a52dfe8858eb00,generic_ps2_vm_lexical
PS2F002A.BIN,7144,1895,85,100.0,OK,True,5b5ffd9c3f03c6d93fe369581e8f18ed27dc01273bc676dd810a21d106db391e,generic_ps2_vm_lexical
PS2F003A.BIN,3096,716,33,100.0,OK,True,7cbd8dd9de1a55d028a1bf9089a22baf7ca41cf022df2e5d99466bb4b0a5b77e,generic_ps2_vm_lexical
PS2F004A.BIN,6945,2120,95,100.0,OK,True,aa13a9d5e45ea6100072e088d639960a875505a683f8c976d7199521d951c2f2,generic_ps2_vm_lexical
PS2F005A.BIN,1785,487,23,100.0,OK,True,d50047074b844306d17023e3ff8c7445576cc4dd66ed414011ca9ecf0d71e0af,generic_ps2_vm_lexical
PS2F006A.BIN,1227,349,13,100.0,OK,True,008468dfa123dc40bfebec9c5ee66fd278c1843e15b6d09274f675b5535334b4,generic_ps2_vm_lexical
PS2F007A.BIN,5880,1798,85,100.0,OK,True,25cec59b25b7c521bff5adfc10cf6cdbd66f55ef68e160ec28d83bb373c90693,generic_ps2_vm_lexical
PS2F008A.BIN,10908,3658,151,100.0,OK,True,0d6681d969134ad69e835310dc88ddc680e68ee9603e3824cfcfacb10e126a54,generic_ps2_vm_lexical
PS2F009A.BIN,4922,1496,70,100.0,OK,True,af03e5a0bc26b4befc6d597f5e0df0b4f70040b45421b3f088966d28ebf6efe0,generic_ps2_vm_lexical
PS2F010A.BIN,10603,3104,161,100.0,OK,True,481d46df0b4b5a2dcdfc8f708e80f49b27fd37758428997745a5fcd9070a372f,generic_ps2_vm_lexical
PS2F011A.BIN,27355,8433,423,100.0,OK,True,7d161d26b24f2d39689221f31f2a19c48f4665ec6d4e0be5539846937cc36bbc,generic_ps2_vm_lexical
PS2F012A.BIN,3821,1214,55,100.0,OK,True,8f63c13620fb11556e76b92d435421210003b507e8b1773255614ad9cf971e5d,generic_ps2_vm_lexical
PS2I001A.BIN,11910,3208,135,100.0,OK,True,83883c6bb13a65d0731d21edbb3686b2e4f2de0b7b352bba1758053ef0ebbf54,generic_ps2_vm_lexical
PS2I002A.BIN,9555,3090,130,100.0,OK,True,1b17c2c31412b6c95555f8c8eefd166943ddf2f10434321ef9bb9527e98ba429,generic_ps2_vm_lexical
PS2I003A.BIN,61,30,1,100.0,OK,True,d8f3821b77d9397d245526f2c9374cfcc663642faf5c55b15d5efb98c18ec0e7,generic_ps2_vm_lexical
PS2I004A.BIN,26639,7053,356,100.0,OK,True,4c2c4890c7da84362c7f58254376b8fde1ff2e8b42e53b46889d9e65326a3131,generic_ps2_vm_lexical
PS2I005A.BIN,33829,8202,461,100.0,OK,True,66c53b8947c635e6913d03d85ea2eb0103e94fd94627a3012c1a9fc3edc23a22,generic_ps2_vm_lexical
PS2I006A.BIN,761,200,7,100.0,OK,True,b4cd8aa8bf65de49e13c9b100b716f3e20d83a5318e4b699748aae9988b6530c,generic_ps2_vm_lexical
PS2I007A.BIN,11123,2606,156,100.0,OK,True,255abc18891ec06f1298347e204d4c69752e049f710d4d9ef211f967f7ec90b9,generic_ps2_vm_lexical
PS2I008A.BIN,14801,3741,186,100.0,OK,True,fabe3ccb7ab83945d2a24ea0fceb43f58f3ec9a25aa3c046d9de3c135a788b5f,generic_ps2_vm_lexical
PS2I009A.BIN,1256,285,13,100.0,OK,True,585190dcf6f2e48f4a50acb995940e3485d063b5f74910e245c9990c51dc8179,generic_ps2_vm_lexical
PS2I010A.BIN,13720,3546,191,100.0,OK,True,6d8f32aae65cba53818c55161b47d99777cf51c5e316eca51f7c9ad8a6b34c03,generic_ps2_vm_lexical
PS2I011A.BIN,9443,2667,118,100.0,OK,True,45e11e0b63ed14602e9287090545cd6697a16363068e48db6ff562a43a6b1627,generic_ps2_vm_lexical
PS2I012A.BIN,4546,1090,55,100.0,OK,True,73bcb7f3fb958a494cf9459d5764c0c6c34579f8e6393ee94497d3e014f20509,generic_ps2_vm_lexical
PS2I013A.BIN,15545,3842,202,100.0,OK,True,781ce3aec18cf38134af0e24245eff15d4dac295702d0857a5f8a0dca17aad4a,generic_ps2_vm_lexical
PS2I014A.BIN,5157,1573,60,100.0,OK,True,636b9a8ef198117239466fa9100078dabab6db60ae6159c28b67e1ba9fcfe0a1,generic_ps2_vm_lexical
PS2I015A.BIN,18734,4672,234,100.0,OK,True,ac3cb75368709654e5fade8c4796485f17d7e72b77829b61af909cf411ac3ec5,generic_ps2_vm_lexical
PS2I016A.BIN,5838,1607,84,100.0,OK,True,c3db929c9caccd070e97edcbd1ef86fd5377c3160247a1091281c4829170f2c1,generic_ps2_vm_lexical
PS2I017A.BIN,6274,1671,81,100.0,OK,True,33c1db6ca35948036f0906be216c61c3ac55188f9f17099cc2dc4ad0bd20dc77,generic_ps2_vm_lexical
PS2I018A.BIN,15321,3842,205,100.0,OK,True,65578af9853ec66368a56c1242f073699203e375e0662157add4e1c70f2ed018,generic_ps2_vm_lexical
PS2I019A.BIN,5817,1249,61,100.0,OK,True,f6a30f2f8f08ab14cbb61e42c38cfb852a7eea0bdaf4d26f37d360eabdb8e66a,generic_ps2_vm_lexical
PS2I020A.BIN,9694,2841,133,100.0,OK,True,40cc4ab8d92c3160f71499af83af8c29b445c25859b0639e4c68e7ffb872e48a,generic_ps2_vm_lexical
PS2I021A.BIN,11639,2693,145,100.0,OK,True,c993d9d1042f539869bc0cfc7a3e1d9947389ef3534d6e74d6f0acf7c8d3fa86,generic_ps2_vm_lexical
PS2I022A.BIN,16094,4509,228,100.0,OK,True,f6c28c9cffff8133b4ae8319a688b6223f199bb4b5507d730fe50e80c0c16050,generic_ps2_vm_lexical
PS2I023A.BIN,8883,2956,129,100.0,OK,True,f59305f4a79082f30f676443a3ab5b1e2dfbaa83f536b52be7b312be6f2cf604,generic_ps2_vm_lexical
PS2I024A.BIN,6387,2025,91,100.0,OK,True,d0fde0dd01660f5928efd051d70c7b8fb13a219f6e0a75c8afbdde3d8f0bd60f,generic_ps2_vm_lexical
PS2I025A.BIN,6507,1771,78,100.0,OK,True,33c8e69f2710ddffb10911e5bf47c756b9110add16e397cf4484f509f4afc741,generic_ps2_vm_lexical
PS2I026A.BIN,11921,3240,172,100.0,OK,True,07e743d6a49071de6441c0b490486d364cb22399de5feaefd252d8c53dc0f456,generic_ps2_vm_lexical
PS2I027A.BIN,7669,2111,99,100.0,OK,True,8fb7c76476527412b318dc36bc38109e3fd2080f006c2d95458fa8a80691ef16,generic_ps2_vm_lexical
PS2I028A.BIN,4463,1249,67,100.0,OK,True,28e6d7e25894933b51fd870fa3df68676bea7e1a0359afa58c02422dcefb9b6f,generic_ps2_vm_lexical
PS2I029A.BIN,1977,486,23,100.0,OK,True,ec6bec0c01c06c81180854dc7c6550c3391ce9d1198a4665cda11bc92dc978d7,generic_ps2_vm_lexical
PS2I030A.BIN,2836,931,42,100.0,OK,True,e27dcea48dec8d705182c1f8ad3ab3f13330dfd202dbbb78379c8c922ec1dd73,generic_ps2_vm_lexical
PS2I031A.BIN,12559,3149,167,100.0,OK,True,2429dfe4e97e59930db32be9123a8852a9eca29adada36249b8d8501feff9266,generic_ps2_vm_lexical
PS2I032A.BIN,8295,2272,119,100.0,OK,True,af8c577996ba54c6ef6722aa7d0eed6374774286e437587090bb04be0e01d734,generic_ps2_vm_lexical
PS2I033A.BIN,2476,826,34,100.0,OK,True,f7d817896756e5fc0fe8e028998f2af9a7680178d67b08f0b1d7211212fcf91c,generic_ps2_vm_lexical
PS2I034A.BIN,17074,4156,207,100.0,OK,True,cadcfae2293cef1fe0e838016b9a0b270ccabed6c1fb28f8d26cb840e019657d,generic_ps2_vm_lexical
PS2I035A.BIN,125,67,1,100.0,OK,True,b08ff8d5e369cc7f591fb823432dfe823b131a30750e4dad8481e9dcc31ed8aa,generic_ps2_vm_lexical
PS2I036A.BIN,29299,7599,365,100.0,OK,True,5fb24899d0c2ed0df6bf06bbefe61175721ee11ff6b5361971e126d98a8c1109,generic_ps2_vm_lexical
PS2I037A.BIN,1890,678,25,100.0,OK,True,82ed0e349af6b93bcc9076b2c87d81d68a61aabdbb4002f4b1044f17db06e085,generic_ps2_vm_lexical
PS2I038A.BIN,54514,13547,714,100.0,OK,True,d436add25455c005c794656f1ef1cb93478599ddfda2d042e1af064509edcd91,generic_ps2_vm_lexical
PS2I039A.BIN,6406,2142,92,100.0,OK,True,b94f77d733320d25488130aca021f93858fd68b1a707672103e6c617ca13d520,generic_ps2_vm_lexical
PS2I040A.BIN,665,184,5,100.0,OK,True,01fcfddbd52fdcb39d55aa4e640be44bffd333fc8170a35219528b9db8700bb0,generic_ps2_vm_lexical
PS2I041A.BIN,1824,445,21,100.0,OK,True,0d5a74e1fbb5ac5e9f2dc2efc32ea67fb3d307fbadfe5097eace382a0d457b50,generic_ps2_vm_lexical
PS2I042A.BIN,6430,1341,94,100.0,OK,True,95d2e598f3d1a8c78f1d5b1e215d0dc5aa34e88553a87759bf36e7982d61d5ed,generic_ps2_vm_lexical
PS2I043A.BIN,5840,1741,73,100.0,OK,True,0a3483d874b35b9f7c1be5f9fbabb2168240f09b63e6182e788ef32bdba74d25,generic_ps2_vm_lexical
PS2I044A.BIN,3170,796,39,100.0,OK,True,9955a26f27266287efbb2eb33faf7ab654e61a5535ced804f4fb653d2c9f4cfb,generic_ps2_vm_lexical
PS2I045A.BIN,7837,1822,97,100.0,OK,True,009d9b66c9799a5621caa7ea25212505c476ed575987711e6c55440e1470d626,generic_ps2_vm_lexical
PS2I046A.BIN,5969,1731,82,100.0,OK,True,01354a6e124bad7807df0a3224913ef0ac3ea6fdf86973dedaaad010306469e4,generic_ps2_vm_lexical
PS2I047A.BIN,9000,2859,120,100.0,OK,True,16a6fc8bba974804fcb9d6f0ba0dba83d6d58151853b0b144e14933ce424b73f,generic_ps2_vm_lexical
PS2I048A.BIN,5412,1305,63,100.0,OK,True,4fd5e50199ab25acfcfc8682ef13157241509a1fa52233ee7b9bd587f6f9fcaf,generic_ps2_vm_lexical
PS2I049A.BIN,7639,1660,94,100.0,OK,True,0c129ce6bee028d618765f109a945caec2581222d213dd7e6378aca47b4fc9d1,generic_ps2_vm_lexical
PS2I050A.BIN,28019,7513,369,100.0,OK,True,a3a2cc211cad8c95511b3ef641ceb5ac8ff422883d5d442f23e6bd9782a18225,generic_ps2_vm_lexical
PS2I051A.BIN,11161,2706,161,100.0,OK,True,d5b319ce02146a35f850d737ed9d5851f3659d9bd7171a549cdb0136b3f6baf4,generic_ps2_vm_lexical
PS2I052A.BIN,35431,9113,488,100.0,OK,True,4691938fe2b4db7dfb4c9af528dbb88389d52c4a89cf806b8ca2b1d0d0c60a68,generic_ps2_vm_lexical
PS2I053A.BIN,10017,2634,137,100.0,OK,True,58726d9999c7ce1702c137ca13099286d3b93ac739e6b09ccefbb8bbf3563995,generic_ps2_vm_lexical
PS2I054A.BIN,19457,5153,263,100.0,OK,True,3b29e6a4830f6d38764d145e41b0a4aa3d00c459f293c8db65fe99dba35a2383,generic_ps2_vm_lexical
PS2I055A.BIN,11470,2878,148,100.0,OK,True,03aba4a0683dd771d59c997503912fa2dabddd6cf1f235cf20f2b237c2707c73,generic_ps2_vm_lexical
PS2I056A.BIN,12327,3095,175,100.0,OK,True,18a777826ef3c75fc4bda61479748995fc97d2f88af44172a8b6997d35caee7f,generic_ps2_vm_lexical
PS2I057A.BIN,15278,3564,176,100.0,OK,True,df7568cde802198ed5d2ec7f4d15f7127e60a905f0adc8b42db5fefbc08f7053,generic_ps2_vm_lexical
PS2I058A.BIN,8690,2356,139,100.0,OK,True,79ad610176f337258241ac2c12488283930715338e3bbc3c7876c218a66834b8,generic_ps2_vm_lexical
PS2I099A.BIN,8757,2269,90,100.0,OK,True,12bb99ffa09815c1b3c701512d883f134fa82d0e8f7821a5d719f3fd789a9b8b,generic_ps2_vm_lexical
PS2T001A.BIN,14366,4499,195,100.0,OK,True,ad3cb763112999ffd34d9d22d594c8dc3d172b2b455cb64911575e25ba057b52,generic_ps2_vm_lexical
PS2T002A.BIN,15592,4524,227,100.0,OK,True,7ecaa4c0a4fb29a92b0781c484ac2390aa2a70d7c21d3aaf575dff564bd45695,generic_ps2_vm_lexical
PS2T003A.BIN,7811,2518,112,100.0,OK,True,df7beca1483f574155c37b4ad737be27d79c01ae5e51d8de9acec168259c6a4e,generic_ps2_vm_lexical
PS2T004A.BIN,6710,2103,88,100.0,OK,True,92471b221d04984e21956f1ac2ed403a3c258f5e53c651f3b6e7d0c88601fab6,generic_ps2_vm_lexical
PS2T005A.BIN,5615,1837,86,100.0,OK,True,644c76bb02aae3257f1ba85fa4a735da830f6d425ad345e3d8b54bcd2a989228,generic_ps2_vm_lexical
PS2T006A.BIN,10793,2899,153,100.0,OK,True,08e4246c41aa6558173ab588f5bfc73d46ef11e3a9c38d434a7661972e818654,generic_ps2_vm_lexical
PS2T007A.BIN,8833,3168,125,100.0,OK,True,d56370609faca5d971ebf84d136db7f5f6c5a641610e671f400a51595c2996ea,generic_ps2_vm_lexical
PS2T008A.BIN,7795,2235,101,100.0,OK,True,825e93e6fda652f3cc78b7cd4c89a8e1638457608c2725e4a9c2ed83da585481,generic_ps2_vm_lexical
PS2T009A.BIN,6075,1788,78,100.0,OK,True,6a0991da9cbaa1515abd572430b9e5c8c845f7745670dcdbbd26192ee0b5bd12,generic_ps2_vm_lexical
PS2T010A.BIN,12915,4511,190,100.0,OK,True,d785ed298e71298efb6051996bd247548c169836e0e669dcb5469aa414329237,generic_ps2_vm_lexical
PS2T011A.BIN,9087,3011,133,100.0,OK,True,04f7ed4832b432ad91aa36b74d30016a6cb531485ebefc50f7e132f904b450a5,generic_ps2_vm_lexical
PS2T012A.BIN,6409,1923,101,100.0,OK,True,285174d3c27d723597b025da0af8430b752e85ab99121e136ce6b9f9c7612a2d,generic_ps2_vm_lexical
PS2T013A.BIN,125,67,1,100.0,OK,True,08595acce1dbc9d0f3093387a41f0faa725deb981ad417867690d1f3523143d9,generic_ps2_vm_lexical
PS2T014A.BIN,7217,2057,99,100.0,OK,True,8fe82ce5b99e0cb1acdb8e5b9884e04511b415e272a61ea7f5419bb762210977,generic_ps2_vm_lexical
PS2T015A.BIN,776,305,9,100.0,OK,True,acf8247c0f51f9320c15bf485c405481ab5454ac41c13f20a41d95f1c302288b,generic_ps2_vm_lexical
PS2T016A.BIN,7084,2220,122,100.0,OK,True,4d31a7c3e666d3b9ab083b1f566dbf47f694d4e04878dc531ee8e2dbb183402d,generic_ps2_vm_lexical
PS2T017A.BIN,2506,801,33,100.0,OK,True,4a91a4f10fae108567c75308caccf5e9a15fdeffa2177f9f859b6d4065c6b98f,generic_ps2_vm_lexical
PS2T018A.BIN,12963,3732,203,100.0,OK,True,e8e7185d72a62235d76c0e11da6ef3986b2a09918c2e3c6d972b9feafaac718e,generic_ps2_vm_lexical
PS2T019A.BIN,125,67,1,100.0,OK,True,9d4b7728ee4c5ee7fa24445fa39b0958d0f86704c20a60ad45bc4e9e20228660,generic_ps2_vm_lexical
PS2T020A.BIN,4908,1506,64,100.0,OK,True,ba4db2d967baa203a757743c55cd38a7250fb9b75168b8e8a12dcdf341829c70,generic_ps2_vm_lexical
PS2T021A.BIN,10523,3389,152,100.0,OK,True,c93bffde5bddd0b1c44e6ea3b8f02e29fa91af7596f394b3bd5fa95c01c5afad,generic_ps2_vm_lexical
PS2T022A.BIN,3077,927,43,100.0,OK,True,1cfc2ae3e0768ec237805b90b641ca7e982a56103a821e4bce37f7b27a55995d,generic_ps2_vm_lexical
PS2T023A.BIN,5178,1567,77,100.0,OK,True,286a494a01b1027fe9d32b261b5d4585a0a74259af01c8dac9eb0557614d693c,generic_ps2_vm_lexical
PS2T024A.BIN,15544,4554,230,100.0,OK,True,8745ae98812ab3d7ae0dc3073b020279b05c6235f3237b67912eb54711c52941,generic_ps2_vm_lexical
PS2T025A.BIN,2572,622,24,100.0,OK,True,ecd82b9a98679017b6268923511fa64af33da9d972a502d02b048351af6354f3,generic_ps2_vm_lexical
PS2T026A.BIN,10271,3194,144,100.0,OK,True,9534dd77af34562c8983bcb0365c117769360d9ef6933217cc55effc1f872fa6,generic_ps2_vm_lexical
PS2T027A.BIN,32205,9973,486,100.0,OK,True,078b520926cacb9bf2ebbafb1135f57cd850b459c042010abaf84f5b29eb349e,generic_ps2_vm_lexical
PS2T028A.BIN,1212,476,15,100.0,OK,True,b432817b881a9530765eed44e967b0a3b792f7271d7fd5f8242b8b87d28d23ba,generic_ps2_vm_lexical
PS2T029A.BIN,15792,4461,242,100.0,OK,True,2a8ce1410afdd00218d60d77a816f0e3021afc8a774d8cbbdd4b52f870e57eeb,generic_ps2_vm_lexical
PS2T030A.BIN,2027,627,26,100.0,OK,True,10f59c95e5c40ab8545443a9de4aa162df633b28acb405da971d7db7729005f9,generic_ps2_vm_lexical
PS2T031A.BIN,7462,2418,99,100.0,OK,True,4c67601171211afbae073521731ded14a8722289e7778e68958cd1a9390661dc,generic_ps2_vm_lexical
PS2T032A.BIN,13300,4090,184,100.0,OK,True,c9bd08321df911ebd751ab1bd72407eb73777bbc2c69f4aeae00d2ce1d87672a,generic_ps2_vm_lexical
PS2T033A.BIN,5294,1895,76,100.0,OK,True,11e40c666aea5c860215d4a4acde24bd29042e59c5163980b0fa918ae7c47cc2,generic_ps2_vm_lexical
PS2T034A.BIN,7419,2265,101,100.0,OK,True,4de75c55def521b1b71802e145fc38143e6979c119a7348f16a64a7602c90186,generic_ps2_vm_lexical
PS2T035A.BIN,17488,5048,237,100.0,OK,True,8ef82e0d3de3d87dbd42b752a81b5b611203087592422b7d0a62350acbb5de7f,generic_ps2_vm_lexical
PS2T036A.BIN,21491,6023,302,100.0,OK,True,46d751ef2a998dcaead8323268bb2961dd4bdf96c7469d41beb7f9ae90ca8257,generic_ps2_vm_lexical
PS2T037A.BIN,3647,1301,53,100.0,OK,True,52aa19a6d3bfd1569b9c41cb971084811f58296d63d631878fd4e94af564f088,generic_ps2_vm_lexical
PS2T038A.BIN,649,140,6,100.0,OK,True,e94eb23e279a841026aa660aeec546da20297eeb022aa66c064004a6e9bfcbe3,generic_ps2_vm_lexical
PS2T039A.BIN,5408,1503,82,100.0,OK,True,ef6f13d93310157aaafc945568ceb6b68056d9b2aead38e56845e503a07aa27c,generic_ps2_vm_lexical
PS2T040A.BIN,16794,4965,230,100.0,OK,True,005493804ff2777d9f8f51184af49540448d87ebfd1033171aada57304f3263c,generic_ps2_vm_lexical
PS2T041A.BIN,125,67,1,100.0,OK,True,4c48e4bf3df06968f24421303128627cc1fb3a3e289ec8aef42e37e4e4795de7,generic_ps2_vm_lexical
PS2T042A.BIN,8845,2853,147,100.0,OK,True,3eb4947db0354aa2e92b1076bbc4e2cf83db1770a9fd28e83dc54936a688802b,generic_ps2_vm_lexical
PS2T043A.BIN,4213,1389,62,100.0,OK,True,5a2cef50d3e4bf9bf77f89ccbb79618318b7c9f759b6c3b3850a96ec50b928b3,generic_ps2_vm_lexical
PS2T044A.BIN,6791,2216,93,100.0,OK,True,ca36d86c326ccd7d4eeca43fc79a419aa49adda2e723daacc876214defe0ccd5,generic_ps2_vm_lexical
PS2T045A.BIN,6856,1855,101,100.0,OK,True,ecfd86bd15b474d2630568ce12bf00e7f06f90eb3736957877d992d79052ac4d,generic_ps2_vm_lexical
PS2T046A.BIN,10479,3338,160,100.0,OK,True,9865e8a9bc19f2a7983f6801a28da2f8856594dea5f61fe6423056a8809d43e7,generic_ps2_vm_lexical
PS2T047A.BIN,7307,2037,95,100.0,OK,True,1e81f77b900a66e7ca1b510b946f73551f8a1a5506aeb3110940da715b2e97fa,generic_ps2_vm_lexical
PS2T048A.BIN,27424,7930,408,100.0,OK,True,e66f870811ef788f7bea2fc02a64ed09d6ca55317065be5f22ddba0d4666f261,generic_ps2_vm_lexical
PS2T049A.BIN,2319,909,32,100.0,OK,True,bc3289270751c3713e0cb7664035686591505c3ebf434d681995edd095a6aefa,generic_ps2_vm_lexical
PS2T099A.BIN,8773,3182,120,100.0,OK,True,958c1f5669617d6f9f7dbb0f05f1885bcfa78f0c2789540de494ef1254b4ed60,generic_ps2_vm_lexical
PS2X000A.BIN,13992,4427,200,100.0,OK,True,5b0a2eb57450b1f6fcdc1dcaedd4c5c656ab13c7c5a487369d5bd83ed10a8edd,generic_ps2_vm_lexical
STAY.BIN,25905,6440,1398,100.0,OK,True,39f4fa48d48696c4a4c615f2aba1e126a192cc545b4dd4215b8931ecdfa68015,generic_ps2_vm_lexical
